E,E_err_low,E_err_high,flux,flux_err_low,flux_err_high,date
0.0885,0.0,0.0,1334.97,151.6652,151.6652,2010.0438356005834
0.1,0.0,0.0,1382.4,164.2376,164.2376,2010.0438356005834
0.1075,0.0,0.0,1462.2,202.8291,202.8291,2010.0438356005834
0.115,0.0,0.0,1682.32,188.92,188.92,2010.0438356005834
0.125,0.0,0.0,1816.43,184.0455,184.0455,2010.0438356005834
0.14,0.0,0.0,2040.19,197.6268,197.6268,2010.0438356005834
0.155,0.0,0.0,2343.11,245.8835,245.8835,2010.0438356005834
0.165,0.0,0.0,2185.13,230.0585,230.0585,2010.0438356005834
0.18,0.0,0.0,2302.66,217.5882,217.5882,2010.0438356005834
0.19995,0.0,0.0,2484.28,231.9881,231.9881,2010.0438356005834
0.215,0.0,0.0,2469.41,235.3738,235.3738,2010.0438356005834
0.23,0.0,0.0,2404.78,215.7628,215.7628,2010.0438356005834
0.25,0.0,0.0,2452.87,219.2868,219.2868,2010.0438356005834
0.275,0.0,0.0,2587.38,224.549,224.549,2010.0438356005834
0.3,0.0,0.0,2660.62,236.0984,236.0984,2010.0438356005834
0.325,0.0,0.0,2614.42,226.3473,226.3473,2010.0438356005834
0.35,0.0,0.0,2600.51,230.3809,230.3809,2010.0438356005834
0.375,0.0,0.0,2549.03,221.0289,221.0289,2010.0438356005834
0.41,0.0,0.0,2443.3,209.0477,209.0477,2010.0438356005834
0.445,0.0,0.0,2393.11,207.5119,207.5119,2010.0438356005834
0.48,0.0,0.0,2328.82,199.5202,199.5202,2010.0438356005834
0.52,0.0,0.0,2201.92,189.0494,189.0494,2010.0438356005834
0.56,0.0,0.0,2232.44,191.4932,191.4932,2010.0438356005834
0.6,0.0,0.0,2110.88,181.558,181.558,2010.0438356005834
0.645,0.0,0.0,2013.55,171.7009,171.7009,2010.0438356005834
0.695,0.0,0.0,1843.38,157.682,157.682,2010.0438356005834
0.745,0.0,0.0,1802.87,154.2429,154.2429,2010.0438356005834
0.8,0.0,0.0,1749.2,148.9987,148.9987,2010.0438356005834
0.86,0.0,0.0,1570.68,134.2117,134.2117,2010.0438356005834
0.925,0.0,0.0,1500.11,127.6538,127.6538,2010.0438356005834
0.99,0.0,0.0,1409.33,119.9294,119.9294,2010.0438356005834
0.0885,0.0,0.0,1273.31,154.4542,154.4542,2010.1191780663369
0.1,0.0,0.0,1512.49,186.0636,186.0636,2010.1191780663369
0.1075,0.0,0.0,1546.21,225.9086,225.9086,2010.1191780663369
0.115,0.0,0.0,1613.83,193.8955,193.8955,2010.1191780663369
0.125,0.0,0.0,1895.39,202.4626,202.4626,2010.1191780663369
0.14,0.0,0.0,1960.53,197.5514,197.5514,2010.1191780663369
0.155,0.0,0.0,1978.99,223.8256,223.8256,2010.1191780663369
0.165,0.0,0.0,2095.17,231.9152,231.9152,2010.1191780663369
0.18,0.0,0.0,2120.22,208.5147,208.5147,2010.1191780663369
0.19995,0.0,0.0,2244.33,218.3379,218.3379,2010.1191780663369
0.215,0.0,0.0,2323.58,231.1137,231.1137,2010.1191780663369
0.23,0.0,0.0,2281.69,210.0762,210.0762,2010.1191780663369
0.25,0.0,0.0,2380.89,217.9205,217.9205,2010.1191780663369
0.275,0.0,0.0,2446.09,216.7633,216.7633,2010.1191780663369
0.3,0.0,0.0,2327.36,212.611,212.611,2010.1191780663369
0.325,0.0,0.0,2387.77,210.9813,210.9813,2010.1191780663369
0.35,0.0,0.0,2456.83,223.0815,223.0815,2010.1191780663369
0.375,0.0,0.0,2362.84,208.7101,208.7101,2010.1191780663369
0.41,0.0,0.0,2258.9,196.6677,196.6677,2010.1191780663369
0.445,0.0,0.0,2237.96,197.7865,197.7865,2010.1191780663369
0.48,0.0,0.0,2159.61,188.1362,188.1362,2010.1191780663369
0.52,0.0,0.0,2011.03,175.3989,175.3989,2010.1191780663369
0.56,0.0,0.0,2024.19,176.6648,176.6648,2010.1191780663369
0.6,0.0,0.0,1992.32,174.2317,174.2317,2010.1191780663369
0.645,0.0,0.0,1806.25,156.8985,156.8985,2010.1191780663369
0.695,0.0,0.0,1753.0,152.293,152.293,2010.1191780663369
0.745,0.0,0.0,1657.68,144.1703,144.1703,2010.1191780663369
0.8,0.0,0.0,1549.53,134.197,134.197,2010.1191780663369
0.86,0.0,0.0,1484.47,128.6495,128.6495,2010.1191780663369
0.925,0.0,0.0,1379.19,119.0547,119.0547,2010.1191780663369
0.99,0.0,0.0,1298.9,111.9066,111.9066,2010.1191780663369
0.0885,0.0,0.0,1426.66,148.8205,148.8205,2010.1944634544648
0.1,0.0,0.0,1602.5,171.1375,171.1375,2010.1944634544648
0.1075,0.0,0.0,1724.02,205.8455,205.8455,2010.1944634544648
0.115,0.0,0.0,1665.72,174.5274,174.5274,2010.1944634544648
0.125,0.0,0.0,1819.36,172.2797,172.2797,2010.1944634544648
0.14,0.0,0.0,1896.09,177.2119,177.2119,2010.1944634544648
0.155,0.0,0.0,2026.35,203.4314,203.4314,2010.1944634544648
0.165,0.0,0.0,2094.46,208.5681,208.5681,2010.1944634544648
0.18,0.0,0.0,2135.4,195.7346,195.7346,2010.1944634544648
0.19995,0.0,0.0,2264.71,206.0508,206.0508,2010.1944634544648
0.215,0.0,0.0,2147.41,200.6931,200.6931,2010.1944634544648
0.23,0.0,0.0,2304.69,203.0961,203.0961,2010.1944634544648
0.25,0.0,0.0,2309.97,203.325,203.325,2010.1944634544648
0.275,0.0,0.0,2383.34,205.2428,205.2428,2010.1944634544648
0.3,0.0,0.0,2374.52,208.336,208.336,2010.1944634544648
0.325,0.0,0.0,2291.78,197.2754,197.2754,2010.1944634544648
0.35,0.0,0.0,2328.56,203.9993,203.9993,2010.1944634544648
0.375,0.0,0.0,2315.93,199.0516,199.0516,2010.1944634544648
0.41,0.0,0.0,2206.74,187.6349,187.6349,2010.1944634544648
0.445,0.0,0.0,2163.89,186.0905,186.0905,2010.1944634544648
0.48,0.0,0.0,2103.58,179.0303,179.0303,2010.1944634544648
0.52,0.0,0.0,2008.17,171.0155,171.0155,2010.1944634544648
0.56,0.0,0.0,1904.71,162.4968,162.4968,2010.1944634544648
0.6,0.0,0.0,1864.14,159.0618,159.0618,2010.1944634544648
0.645,0.0,0.0,1809.5,153.3819,153.3819,2010.1944634544648
0.695,0.0,0.0,1709.27,145.144,145.144,2010.1944634544648
0.745,0.0,0.0,1609.33,136.8919,136.8919,2010.1944634544648
0.8,0.0,0.0,1515.62,128.3833,128.3833,2010.1944634544648
0.86,0.0,0.0,1445.9,122.6647,122.6647,2010.1944634544648
0.925,0.0,0.0,1356.32,114.6641,114.6641,2010.1944634544648
0.99,0.0,0.0,1310.25,110.789,110.789,2010.1944634544648
0.0885,0.0,0.0,1135.14,127.1026,127.1026,2010.865696331177
0.1,0.0,0.0,1193.7,139.3963,139.3963,2010.865696331177
0.1075,0.0,0.0,1373.75,180.1585,180.1585,2010.865696331177
0.115,0.0,0.0,1323.65,147.816,147.816,2010.865696331177
0.125,0.0,0.0,1358.18,138.923,138.923,2010.865696331177
0.14,0.0,0.0,1480.67,144.5676,144.5676,2010.865696331177
0.155,0.0,0.0,1627.98,172.4404,172.4404,2010.865696331177
0.165,0.0,0.0,1601.61,169.1821,169.1821,2010.865696331177
0.18,0.0,0.0,1656.22,157.7072,157.7072,2010.865696331177
0.19995,0.0,0.0,1675.41,158.4636,158.4636,2010.865696331177
0.215,0.0,0.0,1727.46,167.1939,167.1939,2010.865696331177
0.23,0.0,0.0,1793.75,161.9536,161.9536,2010.865696331177
0.25,0.0,0.0,1826.92,164.6142,164.6142,2010.865696331177
0.275,0.0,0.0,1886.91,165.4338,165.4338,2010.865696331177
0.3,0.0,0.0,1879.01,168.3681,168.3681,2010.865696331177
0.325,0.0,0.0,1820.48,159.3781,159.3781,2010.865696331177
0.35,0.0,0.0,1832.75,164.5198,164.5198,2010.865696331177
0.375,0.0,0.0,1836.95,160.5247,160.5247,2010.865696331177
0.41,0.0,0.0,1807.59,155.8448,155.8448,2010.865696331177
0.445,0.0,0.0,1769.24,154.6907,154.6907,2010.865696331177
0.48,0.0,0.0,1739.09,150.1009,150.1009,2010.865696331177
0.52,0.0,0.0,1766.16,152.2612,152.2612,2010.865696331177
0.56,0.0,0.0,1644.83,142.2839,142.2839,2010.865696331177
0.6,0.0,0.0,1577.93,136.6864,136.6864,2010.865696331177
0.645,0.0,0.0,1513.2,129.9154,129.9154,2010.865696331177
0.695,0.0,0.0,1498.37,128.6522,128.6522,2010.865696331177
0.745,0.0,0.0,1426.8,122.8539,122.8539,2010.865696331177
0.8,0.0,0.0,1318.88,113.0085,113.0085,2010.865696331177
0.86,0.0,0.0,1279.66,109.8098,109.8098,2010.865696331177
0.925,0.0,0.0,1200.63,102.6653,102.6653,2010.865696331177
0.99,0.0,0.0,1137.17,97.2125,97.2125,2010.865696331177
0.0885,0.0,0.0,904.733,108.9261,108.9261,2010.9410958745561
0.1,0.0,0.0,1046.31,129.0427,129.0427,2010.9410958745561
0.1075,0.0,0.0,1122.08,162.8394,162.8394,2010.9410958745561
0.115,0.0,0.0,1123.53,134.596,134.596,2010.9410958745561
0.125,0.0,0.0,1235.56,134.0787,134.0787,2010.9410958745561
0.14,0.0,0.0,1427.93,142.6453,142.6453,2010.9410958745561
0.155,0.0,0.0,1457.11,160.6171,160.6171,2010.9410958745561
0.165,0.0,0.0,1524.22,167.1311,167.1311,2010.9410958745561
0.18,0.0,0.0,1507.06,146.9861,146.9861,2010.9410958745561
0.19995,0.0,0.0,1572.68,152.4536,152.4536,2010.9410958745561
0.215,0.0,0.0,1668.54,164.0762,164.0762,2010.9410958745561
0.23,0.0,0.0,1718.76,157.1322,157.1322,2010.9410958745561
0.25,0.0,0.0,1719.47,156.9595,156.9595,2010.9410958745561
0.275,0.0,0.0,1766.84,156.0584,156.0584,2010.9410958745561
0.3,0.0,0.0,1751.9,159.1122,159.1122,2010.9410958745561
0.325,0.0,0.0,1825.93,160.5709,160.5709,2010.9410958745561
0.35,0.0,0.0,1832.23,165.3694,165.3694,2010.9410958745561
0.375,0.0,0.0,1729.13,152.2166,152.2166,2010.9410958745561
0.41,0.0,0.0,1683.7,145.9862,145.9862,2010.9410958745561
0.445,0.0,0.0,1696.45,149.2979,149.2979,2010.9410958745561
0.48,0.0,0.0,1684.34,146.1229,146.1229,2010.9410958745561
0.52,0.0,0.0,1611.33,139.9866,139.9866,2010.9410958745561
0.56,0.0,0.0,1556.76,135.2965,135.2965,2010.9410958745561
0.6,0.0,0.0,1569.5,136.4054,136.4054,2010.9410958745561
0.645,0.0,0.0,1498.25,129.2223,129.2223,2010.9410958745561
0.695,0.0,0.0,1423.44,123.016,123.016,2010.9410958745561
0.745,0.0,0.0,1324.73,114.7563,114.7563,2010.9410958745561
0.8,0.0,0.0,1294.81,111.3183,111.3183,2010.9410958745561
0.86,0.0,0.0,1246.44,107.4046,107.4046,2010.9410958745561
0.925,0.0,0.0,1178.18,101.0673,101.0673,2010.9410958745561
0.99,0.0,0.0,1112.41,95.41688,95.41688,2010.9410958745561
0.0885,0.0,0.0,1092.76,125.1878,125.1878,2011.0164383403094
0.1,0.0,0.0,1026.6,125.0445,125.0445,2011.0164383403094
0.1075,0.0,0.0,1263.89,172.3568,172.3568,2011.0164383403094
0.115,0.0,0.0,1278.66,146.6675,146.6675,2011.0164383403094
0.125,0.0,0.0,1212.46,129.5197,129.5197,2011.0164383403094
0.14,0.0,0.0,1417.18,140.73,140.73,2011.0164383403094
0.155,0.0,0.0,1444.39,159.1511,159.1511,2011.0164383403094
0.165,0.0,0.0,1474.27,161.2733,161.2733,2011.0164383403094
0.18,0.0,0.0,1624.8,156.5252,156.5252,2011.0164383403094
0.19995,0.0,0.0,1625.03,156.206,156.206,2011.0164383403094
0.215,0.0,0.0,1657.53,162.6884,162.6884,2011.0164383403094
0.23,0.0,0.0,1638.93,149.4835,149.4835,2011.0164383403094
0.25,0.0,0.0,1666.83,152.3037,152.3037,2011.0164383403094
0.275,0.0,0.0,1781.13,157.1456,157.1456,2011.0164383403094
0.3,0.0,0.0,1765.26,160.0622,160.0622,2011.0164383403094
0.325,0.0,0.0,1816.77,159.5736,159.5736,2011.0164383403094
0.35,0.0,0.0,1810.7,163.4837,163.4837,2011.0164383403094
0.375,0.0,0.0,1775.24,156.281,156.281,2011.0164383403094
0.41,0.0,0.0,1707.11,147.8158,147.8158,2011.0164383403094
0.445,0.0,0.0,1682.77,148.0176,148.0176,2011.0164383403094
0.48,0.0,0.0,1716.81,148.6176,148.6176,2011.0164383403094
0.52,0.0,0.0,1640.81,142.2568,142.2568,2011.0164383403094
0.56,0.0,0.0,1594.93,138.3791,138.3791,2011.0164383403094
0.6,0.0,0.0,1522.84,132.4767,132.4767,2011.0164383403094
0.645,0.0,0.0,1482.8,127.8161,127.8161,2011.0164383403094
0.695,0.0,0.0,1463.28,126.2333,126.2333,2011.0164383403094
0.745,0.0,0.0,1378.43,119.2472,119.2472,2011.0164383403094
0.8,0.0,0.0,1353.79,116.3117,116.3117,2011.0164383403094
0.86,0.0,0.0,1236.53,106.5296,106.5296,2011.0164383403094
0.925,0.0,0.0,1170.99,100.4747,100.4747,2011.0164383403094
0.99,0.0,0.0,1124.36,96.48137,96.48137,2011.0164383403094
0.0885,0.0,0.0,1158.61,127.0392,127.0392,2011.0904109430492
0.1,0.0,0.0,1136.99,131.2197,131.2197,2011.0904109430492
0.1075,0.0,0.0,1206.09,159.8562,159.8562,2011.0904109430492
0.115,0.0,0.0,1181.16,132.9327,132.9327,2011.0904109430492
0.125,0.0,0.0,1303.04,132.7007,132.7007,2011.0904109430492
0.14,0.0,0.0,1343.18,130.999,130.999,2011.0904109430492
0.155,0.0,0.0,1399.19,150.1318,150.1318,2011.0904109430492
0.165,0.0,0.0,1468.27,155.474,155.474,2011.0904109430492
0.18,0.0,0.0,1452.48,139.0705,139.0705,2011.0904109430492
0.19995,0.0,0.0,1634.61,153.9342,153.9342,2011.0904109430492
0.215,0.0,0.0,1598.4,154.9689,154.9689,2011.0904109430492
0.23,0.0,0.0,1666.03,150.286,150.286,2011.0904109430492
0.25,0.0,0.0,1632.22,147.281,147.281,2011.0904109430492
0.275,0.0,0.0,1663.65,145.813,145.813,2011.0904109430492
0.3,0.0,0.0,1758.45,157.5543,157.5543,2011.0904109430492
0.325,0.0,0.0,1775.83,155.0494,155.0494,2011.0904109430492
0.35,0.0,0.0,1750.72,156.3714,156.3714,2011.0904109430492
0.375,0.0,0.0,1784.82,155.6076,155.6076,2011.0904109430492
0.41,0.0,0.0,1738.84,149.6907,149.6907,2011.0904109430492
0.445,0.0,0.0,1691.17,147.6206,147.6206,2011.0904109430492
0.48,0.0,0.0,1655.31,142.5231,142.5231,2011.0904109430492
0.52,0.0,0.0,1680.37,144.6462,144.6462,2011.0904109430492
0.56,0.0,0.0,1635.87,140.9914,140.9914,2011.0904109430492
0.6,0.0,0.0,1533.63,132.3302,132.3302,2011.0904109430492
0.645,0.0,0.0,1512.07,129.4564,129.4564,2011.0904109430492
0.695,0.0,0.0,1465.9,125.6756,125.6756,2011.0904109430492
0.745,0.0,0.0,1375.92,118.3414,118.3414,2011.0904109430492
0.8,0.0,0.0,1304.27,111.5138,111.5138,2011.0904109430492
0.86,0.0,0.0,1290.69,110.3933,110.3933,2011.0904109430492
0.925,0.0,0.0,1171.65,100.0146,100.0146,2011.0904109430492
0.99,0.0,0.0,1105.0,94.36033,94.36033,2011.0904109430492
0.0885,0.0,0.0,880.37,101.1725,101.1725,2011.165696331177
0.1,0.0,0.0,1014.75,119.7846,119.7846,2011.165696331177
0.1075,0.0,0.0,1071.26,147.1274,147.1274,2011.165696331177
0.115,0.0,0.0,1004.76,116.6625,116.6625,2011.165696331177
0.125,0.0,0.0,1176.04,122.1346,122.1346,2011.165696331177
0.14,0.0,0.0,1232.65,121.6631,121.6631,2011.165696331177
0.155,0.0,0.0,1372.18,148.3566,148.3566,2011.165696331177
0.165,0.0,0.0,1316.43,142.3068,142.3068,2011.165696331177
0.18,0.0,0.0,1369.78,132.1404,132.1404,2011.165696331177
0.19995,0.0,0.0,1423.32,135.9224,135.9224,2011.165696331177
0.215,0.0,0.0,1516.69,147.2515,147.2515,2011.165696331177
0.23,0.0,0.0,1497.26,135.9901,135.9901,2011.165696331177
0.25,0.0,0.0,1634.37,147.5586,147.5586,2011.165696331177
0.275,0.0,0.0,1679.06,147.2577,147.2577,2011.165696331177
0.3,0.0,0.0,1682.77,150.9145,150.9145,2011.165696331177
0.325,0.0,0.0,1653.94,144.7109,144.7109,2011.165696331177
0.35,0.0,0.0,1669.31,149.4399,149.4399,2011.165696331177
0.375,0.0,0.0,1676.86,146.5076,146.5076,2011.165696331177
0.41,0.0,0.0,1622.82,139.9749,139.9749,2011.165696331177
0.445,0.0,0.0,1610.8,140.8002,140.8002,2011.165696331177
0.48,0.0,0.0,1589.63,137.2492,137.2492,2011.165696331177
0.52,0.0,0.0,1561.97,134.801,134.801,2011.165696331177
0.56,0.0,0.0,1492.03,128.9288,128.9288,2011.165696331177
0.6,0.0,0.0,1475.36,127.7397,127.7397,2011.165696331177
0.645,0.0,0.0,1416.25,121.6871,121.6871,2011.165696331177
0.695,0.0,0.0,1387.38,119.2736,119.2736,2011.165696331177
0.745,0.0,0.0,1317.53,113.4184,113.4184,2011.165696331177
0.8,0.0,0.0,1200.09,102.9264,102.9264,2011.165696331177
0.86,0.0,0.0,1206.27,103.4887,103.4887,2011.165696331177
0.925,0.0,0.0,1140.01,97.33251,97.33251,2011.165696331177
0.99,0.0,0.0,1051.36,89.91189,89.91189,2011.165696331177
0.0885,0.0,0.0,777.209,91.93315,91.93315,2011.240981719305
0.1,0.0,0.0,875.885,106.1622,106.1622,2011.240981719305
0.1075,0.0,0.0,958.873,135.0812,135.0812,2011.240981719305
0.115,0.0,0.0,1010.83,117.3605,117.3605,2011.240981719305
0.125,0.0,0.0,1059.97,113.4739,113.4739,2011.240981719305
0.14,0.0,0.0,1317.5,129.9515,129.9515,2011.240981719305
0.155,0.0,0.0,1323.71,144.8215,144.8215,2011.240981719305
0.165,0.0,0.0,1276.59,139.3279,139.3279,2011.240981719305
0.18,0.0,0.0,1371.81,132.4131,132.4131,2011.240981719305
0.19995,0.0,0.0,1347.18,129.4024,129.4024,2011.240981719305
0.215,0.0,0.0,1381.44,136.3902,136.3902,2011.240981719305
0.23,0.0,0.0,1384.99,126.6912,126.6912,2011.240981719305
0.25,0.0,0.0,1502.03,136.4134,136.4134,2011.240981719305
0.275,0.0,0.0,1519.46,133.9086,133.9086,2011.240981719305
0.3,0.0,0.0,1502.65,136.2264,136.2264,2011.240981719305
0.325,0.0,0.0,1555.71,136.7989,136.7989,2011.240981719305
0.35,0.0,0.0,1528.97,138.1641,138.1641,2011.240981719305
0.375,0.0,0.0,1535.57,134.8455,134.8455,2011.240981719305
0.41,0.0,0.0,1472.12,127.4661,127.4661,2011.240981719305
0.445,0.0,0.0,1489.18,130.8516,130.8516,2011.240981719305
0.48,0.0,0.0,1464.21,126.9684,126.9684,2011.240981719305
0.52,0.0,0.0,1419.99,123.1043,123.1043,2011.240981719305
0.56,0.0,0.0,1418.73,123.1129,123.1129,2011.240981719305
0.6,0.0,0.0,1357.16,117.975,117.975,2011.240981719305
0.645,0.0,0.0,1348.58,116.0652,116.0652,2011.240981719305
0.695,0.0,0.0,1266.1,109.2668,109.2668,2011.240981719305
0.745,0.0,0.0,1223.89,105.8318,105.8318,2011.240981719305
0.8,0.0,0.0,1164.24,100.1647,100.1647,2011.240981719305
0.86,0.0,0.0,1078.14,93.05107,93.05107,2011.240981719305
0.925,0.0,0.0,1071.06,91.80371,91.80371,2011.240981719305
0.99,0.0,0.0,986.092,84.62234,84.62234,2011.240981719305
0.0885,0.0,0.0,795.308,89.81212,89.81212,2011.3149543220447
0.1,0.0,0.0,836.77,98.58015,98.58015,2011.3149543220447
0.1075,0.0,0.0,939.265,126.3616,126.3616,2011.3149543220447
0.115,0.0,0.0,979.69,109.9737,109.9737,2011.3149543220447
0.125,0.0,0.0,963.679,100.5655,100.5655,2011.3149543220447
0.14,0.0,0.0,1075.86,105.3629,105.3629,2011.3149543220447
0.155,0.0,0.0,1046.06,113.8258,113.8258,2011.3149543220447
0.165,0.0,0.0,1151.04,122.8431,122.8431,2011.3149543220447
0.18,0.0,0.0,1179.81,112.9911,112.9911,2011.3149543220447
0.19995,0.0,0.0,1304.95,123.2457,123.2457,2011.3149543220447
0.215,0.0,0.0,1282.35,124.0522,124.0522,2011.3149543220447
0.23,0.0,0.0,1323.68,119.5349,119.5349,2011.3149543220447
0.25,0.0,0.0,1381.82,124.0958,124.0958,2011.3149543220447
0.275,0.0,0.0,1382.85,121.0934,121.0934,2011.3149543220447
0.3,0.0,0.0,1411.77,126.4325,126.4325,2011.3149543220447
0.325,0.0,0.0,1405.83,122.7826,122.7826,2011.3149543220447
0.35,0.0,0.0,1427.09,127.5115,127.5115,2011.3149543220447
0.375,0.0,0.0,1412.14,123.1626,123.1626,2011.3149543220447
0.41,0.0,0.0,1414.24,121.5994,121.5994,2011.3149543220447
0.445,0.0,0.0,1386.43,121.0176,121.0176,2011.3149543220447
0.48,0.0,0.0,1426.76,122.6303,122.6303,2011.3149543220447
0.52,0.0,0.0,1358.09,116.9648,116.9648,2011.3149543220447
0.56,0.0,0.0,1312.37,113.1984,113.1984,2011.3149543220447
0.6,0.0,0.0,1308.98,112.9449,112.9449,2011.3149543220447
0.645,0.0,0.0,1272.05,108.8458,108.8458,2011.3149543220447
0.695,0.0,0.0,1198.77,102.8832,102.8832,2011.3149543220447
0.745,0.0,0.0,1124.22,96.6382,96.6382,2011.3149543220447
0.8,0.0,0.0,1121.78,95.78567,95.78567,2011.3149543220447
0.86,0.0,0.0,1087.58,93.01517,93.01517,2011.3149543220447
0.925,0.0,0.0,1038.53,88.43412,88.43412,2011.3149543220447
0.99,0.0,0.0,936.771,79.91969,79.91969,2011.3149543220447
0.0885,0.0,0.0,688.145,120.8946,120.8946,2011.3889269247843
0.1,0.0,0.0,824.593,150.6949,150.6949,2011.3889269247843
0.1075,0.0,0.0,724.607,182.3316,182.3316,2011.3889269247843
0.115,0.0,0.0,882.627,155.4869,155.4869,2011.3889269247843
0.125,0.0,0.0,993.463,160.078,160.078,2011.3889269247843
0.14,0.0,0.0,1103.52,143.4292,143.4292,2011.3889269247843
0.155,0.0,0.0,1014.72,164.738,164.738,2011.3889269247843
0.165,0.0,0.0,1104.01,171.3049,171.3049,2011.3889269247843
0.18,0.0,0.0,1166.79,145.2203,145.2203,2011.3889269247843
0.19995,0.0,0.0,1252.67,152.1678,152.1678,2011.3889269247843
0.215,0.0,0.0,1274.88,158.4355,158.4355,2011.3889269247843
0.23,0.0,0.0,1266.05,136.4441,136.4441,2011.3889269247843
0.25,0.0,0.0,1304.33,139.7455,139.7455,2011.3889269247843
0.275,0.0,0.0,1355.87,135.2446,135.2446,2011.3889269247843
0.3,0.0,0.0,1402.48,148.3714,148.3714,2011.3889269247843
0.325,0.0,0.0,1427.38,140.9669,140.9669,2011.3889269247843
0.35,0.0,0.0,1394.39,146.0821,146.0821,2011.3889269247843
0.375,0.0,0.0,1360.51,134.6451,134.6451,2011.3889269247843
0.41,0.0,0.0,1429.06,136.4096,136.4096,2011.3889269247843
0.445,0.0,0.0,1332.93,132.768,132.768,2011.3889269247843
0.48,0.0,0.0,1339.84,128.7422,128.7422,2011.3889269247843
0.52,0.0,0.0,1354.09,130.3271,130.3271,2011.3889269247843
0.56,0.0,0.0,1307.55,126.473,126.473,2011.3889269247843
0.6,0.0,0.0,1264.49,122.8006,122.8006,2011.3889269247843
0.645,0.0,0.0,1222.52,115.8271,115.8271,2011.3889269247843
0.695,0.0,0.0,1248.95,118.2099,118.2099,2011.3889269247843
0.745,0.0,0.0,1175.79,112.1204,112.1204,2011.3889269247843
0.8,0.0,0.0,1198.78,112.133,112.133,2011.3889269247843
0.86,0.0,0.0,1076.74,101.8812,101.8812,2011.3889269247843
0.925,0.0,0.0,1053.65,98.08263,98.08263,2011.3889269247843
0.99,0.0,0.0,992.519,91.48571,91.48571,2011.3889269247843
0.0885,0.0,0.0,810.646,102.7194,102.7194,2011.4642693905378
0.1,0.0,0.0,829.659,111.1336,111.1336,2011.4642693905378
0.1075,0.0,0.0,813.036,133.2382,133.2382,2011.4642693905378
0.115,0.0,0.0,842.58,109.8271,109.8271,2011.4642693905378
0.125,0.0,0.0,958.533,111.3341,111.3341,2011.4642693905378
0.14,0.0,0.0,891.591,95.88802,95.88802,2011.4642693905378
0.155,0.0,0.0,915.106,112.9684,112.9684,2011.4642693905378
0.165,0.0,0.0,985.664,118.9733,118.9733,2011.4642693905378
0.18,0.0,0.0,1042.6,107.4339,107.4339,2011.4642693905378
0.19995,0.0,0.0,1155.13,117.2231,117.2231,2011.4642693905378
0.215,0.0,0.0,1140.24,118.4789,118.4789,2011.4642693905378
0.23,0.0,0.0,1174.05,111.1036,111.1036,2011.4642693905378
0.25,0.0,0.0,1153.86,109.3383,109.3383,2011.4642693905378
0.275,0.0,0.0,1232.75,111.8,111.8,2011.4642693905378
0.3,0.0,0.0,1269.35,118.9193,118.9193,2011.4642693905378
0.325,0.0,0.0,1242.65,112.3167,112.3167,2011.4642693905378
0.35,0.0,0.0,1188.89,111.4295,111.4295,2011.4642693905378
0.375,0.0,0.0,1235.4,111.313,111.313,2011.4642693905378
0.41,0.0,0.0,1257.66,110.9387,110.9387,2011.4642693905378
0.445,0.0,0.0,1233.99,111.3431,111.3431,2011.4642693905378
0.48,0.0,0.0,1166.92,103.2734,103.2734,2011.4642693905378
0.52,0.0,0.0,1201.14,106.201,106.201,2011.4642693905378
0.56,0.0,0.0,1151.43,102.1096,102.1096,2011.4642693905378
0.6,0.0,0.0,1151.15,102.029,102.029,2011.4642693905378
0.645,0.0,0.0,1105.45,96.84287,96.84287,2011.4642693905378
0.695,0.0,0.0,1089.11,95.63462,95.63462,2011.4642693905378
0.745,0.0,0.0,1039.39,91.47278,91.47278,2011.4642693905378
0.8,0.0,0.0,1041.69,90.84087,90.84087,2011.4642693905378
0.86,0.0,0.0,952.125,83.49343,83.49343,2011.4642693905378
0.925,0.0,0.0,908.949,79.20167,79.20167,2011.4642693905378
0.99,0.0,0.0,850.705,73.98124,73.98124,2011.4642693905378
0.0885,0.0,0.0,799.987,111.8055,111.8055,2011.5396118562912
0.1,0.0,0.0,758.868,113.7827,113.7827,2011.5396118562912
0.1075,0.0,0.0,932.397,163.5326,163.5326,2011.5396118562912
0.115,0.0,0.0,761.827,112.7677,112.7677,2011.5396118562912
0.125,0.0,0.0,851.117,114.201,114.201,2011.5396118562912
0.14,0.0,0.0,900.186,103.4013,103.4013,2011.5396118562912
0.155,0.0,0.0,869.031,118.4536,118.4536,2011.5396118562912
0.165,0.0,0.0,1170.82,147.513,147.513,2011.5396118562912
0.18,0.0,0.0,1078.04,117.9158,117.9158,2011.5396118562912
0.19995,0.0,0.0,1159.51,125.1284,125.1284,2011.5396118562912
0.215,0.0,0.0,1204.0,132.4226,132.4226,2011.5396118562912
0.23,0.0,0.0,1147.28,113.6547,113.6547,2011.5396118562912
0.25,0.0,0.0,1239.64,120.8578,120.8578,2011.5396118562912
0.275,0.0,0.0,1176.1,110.2966,110.2966,2011.5396118562912
0.3,0.0,0.0,1244.24,120.7874,120.7874,2011.5396118562912
0.325,0.0,0.0,1249.78,115.6904,115.6904,2011.5396118562912
0.35,0.0,0.0,1287.64,124.0532,124.0532,2011.5396118562912
0.375,0.0,0.0,1234.27,114.7696,114.7696,2011.5396118562912
0.41,0.0,0.0,1241.42,112.4694,112.4694,2011.5396118562912
0.445,0.0,0.0,1247.43,115.4597,115.4597,2011.5396118562912
0.48,0.0,0.0,1222.35,110.6066,110.6066,2011.5396118562912
0.52,0.0,0.0,1225.27,110.7841,110.7841,2011.5396118562912
0.56,0.0,0.0,1205.11,109.1899,109.1899,2011.5396118562912
0.6,0.0,0.0,1196.63,108.5632,108.5632,2011.5396118562912
0.645,0.0,0.0,1133.91,101.459,101.459,2011.5396118562912
0.695,0.0,0.0,1153.57,103.1503,103.1503,2011.5396118562912
0.745,0.0,0.0,1093.1,98.01354,98.01354,2011.5396118562912
0.8,0.0,0.0,1026.49,91.32575,91.32575,2011.5396118562912
0.86,0.0,0.0,972.444,86.8669,86.8669,2011.5396118562912
0.925,0.0,0.0,957.483,84.75066,84.75066,2011.5396118562912
0.99,0.0,0.0,904.475,79.60225,79.60225,2011.5396118562912
0.0885,0.0,0.0,689.057,110.3883,110.3883,2011.6875570617708
0.1,0.0,0.0,742.276,125.7256,125.7256,2011.6875570617708
0.1075,0.0,0.0,799.684,169.1174,169.1174,2011.6875570617708
0.115,0.0,0.0,726.587,120.8951,120.8951,2011.6875570617708
0.125,0.0,0.0,805.038,122.1606,122.1606,2011.6875570617708
0.14,0.0,0.0,892.4,112.1341,112.1341,2011.6875570617708
0.155,0.0,0.0,983.084,144.979,144.979,2011.6875570617708
0.165,0.0,0.0,1075.2,153.4536,153.4536,2011.6875570617708
0.18,0.0,0.0,1116.79,129.9351,129.9351,2011.6875570617708
0.19995,0.0,0.0,1166.17,133.694,133.694,2011.6875570617708
0.215,0.0,0.0,1132.08,134.7715,134.7715,2011.6875570617708
0.23,0.0,0.0,1185.16,122.3322,122.3322,2011.6875570617708
0.25,0.0,0.0,1150.44,118.4419,118.4419,2011.6875570617708
0.275,0.0,0.0,1209.95,117.0816,117.0816,2011.6875570617708
0.3,0.0,0.0,1257.79,127.7105,127.7105,2011.6875570617708
0.325,0.0,0.0,1181.74,114.4873,114.4873,2011.6875570617708
0.35,0.0,0.0,1290.77,130.4738,130.4738,2011.6875570617708
0.375,0.0,0.0,1283.65,122.827,122.827,2011.6875570617708
0.41,0.0,0.0,1217.97,113.2594,113.2594,2011.6875570617708
0.445,0.0,0.0,1193.95,115.0636,115.0636,2011.6875570617708
0.48,0.0,0.0,1268.15,117.5647,117.5647,2011.6875570617708
0.52,0.0,0.0,1244.21,115.8467,115.8467,2011.6875570617708
0.56,0.0,0.0,1250.53,116.2093,116.2093,2011.6875570617708
0.6,0.0,0.0,1128.57,105.9494,105.9494,2011.6875570617708
0.645,0.0,0.0,1107.97,101.8917,101.8917,2011.6875570617708
0.695,0.0,0.0,1112.25,102.6124,102.6124,2011.6875570617708
0.745,0.0,0.0,1051.75,97.53334,97.53334,2011.6875570617708
0.8,0.0,0.0,1006.31,91.98117,91.98117,2011.6875570617708
0.86,0.0,0.0,1013.09,92.72562,92.72562,2011.6875570617708
0.925,0.0,0.0,973.092,88.23328,88.23328,2011.6875570617708
0.99,0.0,0.0,873.709,79.00831,79.00831,2011.6875570617708
0.0885,0.0,0.0,651.009,85.80573,85.80573,2011.8369292078894
0.1,0.0,0.0,656.286,91.58755,91.58755,2011.8369292078894
0.1075,0.0,0.0,736.236,123.0276,123.0276,2011.8369292078894
0.115,0.0,0.0,669.435,91.37497,91.37497,2011.8369292078894
0.125,0.0,0.0,793.173,97.23083,97.23083,2011.8369292078894
0.14,0.0,0.0,892.777,96.18776,96.18776,2011.8369292078894
0.155,0.0,0.0,898.833,111.2908,111.2908,2011.8369292078894
0.165,0.0,0.0,872.868,107.1757,107.1757,2011.8369292078894
0.18,0.0,0.0,911.527,95.38258,95.38258,2011.8369292078894
0.19995,0.0,0.0,1075.95,109.494,109.494,2011.8369292078894
0.215,0.0,0.0,1112.11,115.7367,115.7367,2011.8369292078894
0.23,0.0,0.0,1102.37,105.0306,105.0306,2011.8369292078894
0.25,0.0,0.0,1112.18,104.9375,104.9375,2011.8369292078894
0.275,0.0,0.0,1109.18,101.0063,101.0063,2011.8369292078894
0.3,0.0,0.0,1194.98,111.6685,111.6685,2011.8369292078894
0.325,0.0,0.0,1207.12,109.0294,109.0294,2011.8369292078894
0.35,0.0,0.0,1213.38,113.2593,113.2593,2011.8369292078894
0.375,0.0,0.0,1174.24,105.8734,105.8734,2011.8369292078894
0.41,0.0,0.0,1209.66,106.8714,106.8714,2011.8369292078894
0.445,0.0,0.0,1222.42,109.7737,109.7737,2011.8369292078894
0.48,0.0,0.0,1212.42,107.0077,107.0077,2011.8369292078894
0.52,0.0,0.0,1179.59,104.179,104.179,2011.8369292078894
0.56,0.0,0.0,1154.37,102.0527,102.0527,2011.8369292078894
0.6,0.0,0.0,1165.33,102.8855,102.8855,2011.8369292078894
0.645,0.0,0.0,1145.25,100.0383,100.0383,2011.8369292078894
0.695,0.0,0.0,1071.95,93.93141,93.93141,2011.8369292078894
0.745,0.0,0.0,1040.6,91.41913,91.41913,2011.8369292078894
0.8,0.0,0.0,1010.05,87.81627,87.81627,2011.8369292078894
0.86,0.0,0.0,978.38,85.29986,85.29986,2011.8369292078894
0.925,0.0,0.0,922.454,79.97615,79.97615,2011.8369292078894
0.99,0.0,0.0,876.285,75.87225,75.87225,2011.8369292078894
0.0885,0.0,0.0,489.93,67.01219,67.01219,2011.9123287512684
0.1,0.0,0.0,516.905,73.81609,73.81609,2011.9123287512684
0.1075,0.0,0.0,569.364,98.04938,98.04938,2011.9123287512684
0.115,0.0,0.0,614.313,83.40245,83.40245,2011.9123287512684
0.125,0.0,0.0,730.133,88.37761,88.37761,2011.9123287512684
0.14,0.0,0.0,904.917,95.40215,95.40215,2011.9123287512684
0.155,0.0,0.0,956.371,114.2549,114.2549,2011.9123287512684
0.165,0.0,0.0,979.954,115.9101,115.9101,2011.9123287512684
0.18,0.0,0.0,896.631,93.22789,93.22789,2011.9123287512684
0.19995,0.0,0.0,979.901,99.39434,99.39434,2011.9123287512684
0.215,0.0,0.0,975.315,101.9643,101.9643,2011.9123287512684
0.23,0.0,0.0,1100.0,103.5166,103.5166,2011.9123287512684
0.25,0.0,0.0,1124.8,105.4396,105.4396,2011.9123287512684
0.275,0.0,0.0,1167.74,105.4876,105.4876,2011.9123287512684
0.3,0.0,0.0,1140.7,106.495,106.495,2011.9123287512684
0.325,0.0,0.0,1170.57,105.2198,105.2198,2011.9123287512684
0.35,0.0,0.0,1195.98,110.7275,110.7275,2011.9123287512684
0.375,0.0,0.0,1221.69,109.436,109.436,2011.9123287512684
0.41,0.0,0.0,1229.94,107.906,107.906,2011.9123287512684
0.445,0.0,0.0,1204.82,107.463,107.463,2011.9123287512684
0.48,0.0,0.0,1202.75,105.6153,105.6153,2011.9123287512684
0.52,0.0,0.0,1192.46,104.7085,104.7085,2011.9123287512684
0.56,0.0,0.0,1143.15,100.6607,100.6607,2011.9123287512684
0.6,0.0,0.0,1173.15,103.0634,103.0634,2011.9123287512684
0.645,0.0,0.0,1162.11,100.9267,100.9267,2011.9123287512684
0.695,0.0,0.0,1112.59,96.86905,96.86905,2011.9123287512684
0.745,0.0,0.0,1066.55,93.06253,93.06253,2011.9123287512684
0.8,0.0,0.0,992.051,86.06535,86.06535,2011.9123287512684
0.86,0.0,0.0,996.867,86.45702,86.45702,2011.9123287512684
0.925,0.0,0.0,976.053,84.18092,84.18092,2011.9123287512684
0.99,0.0,0.0,902.065,77.85704,77.85704,2011.9123287512684
0.0885,0.0,0.0,659.296,83.67254,83.67254,2011.986269540293
0.1,0.0,0.0,710.181,94.71319,94.71319,2011.986269540293
0.1075,0.0,0.0,623.155,105.9616,105.9616,2011.986269540293
0.115,0.0,0.0,727.18,94.50856,94.50856,2011.986269540293
0.125,0.0,0.0,739.075,88.92981,88.92981,2011.986269540293
0.14,0.0,0.0,868.535,92.03428,92.03428,2011.986269540293
0.155,0.0,0.0,990.458,116.5379,116.5379,2011.986269540293
0.165,0.0,0.0,945.902,111.8877,111.8877,2011.986269540293
0.18,0.0,0.0,987.528,100.9682,100.9682,2011.986269540293
0.19995,0.0,0.0,1052.14,105.9301,105.9301,2011.986269540293
0.215,0.0,0.0,1125.79,115.3246,115.3246,2011.986269540293
0.23,0.0,0.0,1104.63,104.269,104.269,2011.986269540293
0.25,0.0,0.0,1174.85,110.0021,110.0021,2011.986269540293
0.275,0.0,0.0,1190.91,107.1344,107.1344,2011.986269540293
0.3,0.0,0.0,1233.11,114.2295,114.2295,2011.986269540293
0.325,0.0,0.0,1248.99,111.7836,111.7836,2011.986269540293
0.35,0.0,0.0,1242.86,114.9734,114.9734,2011.986269540293
0.375,0.0,0.0,1268.99,113.5671,113.5671,2011.986269540293
0.41,0.0,0.0,1247.86,109.3649,109.3649,2011.986269540293
0.445,0.0,0.0,1248.85,111.5591,111.5591,2011.986269540293
0.48,0.0,0.0,1276.49,111.7487,111.7487,2011.986269540293
0.52,0.0,0.0,1264.27,110.489,110.489,2011.986269540293
0.56,0.0,0.0,1186.43,104.2313,104.2313,2011.986269540293
0.6,0.0,0.0,1206.85,105.8068,105.8068,2011.986269540293
0.645,0.0,0.0,1156.15,100.3704,100.3704,2011.986269540293
0.695,0.0,0.0,1111.8,96.76132,96.76132,2011.986269540293
0.745,0.0,0.0,1074.35,93.67615,93.67615,2011.986269540293
0.8,0.0,0.0,1059.16,91.55761,91.55761,2011.986269540293
0.86,0.0,0.0,1021.46,88.5154,88.5154,2011.986269540293
0.925,0.0,0.0,977.873,84.3363,84.3363,2011.986269540293
0.99,0.0,0.0,934.834,80.53039,80.53039,2011.986269540293
0.0885,0.0,0.0,753.31,104.7939,104.7939,2012.0614753940245
0.1,0.0,0.0,724.332,109.4,109.4,2012.0614753940245
0.1075,0.0,0.0,746.546,141.3533,141.3533,2012.0614753940245
0.115,0.0,0.0,769.224,111.9512,111.9512,2012.0614753940245
0.125,0.0,0.0,802.286,108.5355,108.5355,2012.0614753940245
0.14,0.0,0.0,902.312,103.5843,103.5843,2012.0614753940245
0.155,0.0,0.0,959.111,126.4703,126.4703,2012.0614753940245
0.165,0.0,0.0,949.336,124.9738,124.9738,2012.0614753940245
0.18,0.0,0.0,1103.39,119.468,119.468,2012.0614753940245
0.19995,0.0,0.0,1076.17,116.6805,116.6805,2012.0614753940245
0.215,0.0,0.0,1016.47,114.6401,114.6401,2012.0614753940245
0.23,0.0,0.0,1171.04,114.8801,114.8801,2012.0614753940245
0.25,0.0,0.0,1184.31,115.7368,115.7368,2012.0614753940245
0.275,0.0,0.0,1279.5,118.4778,118.4778,2012.0614753940245
0.3,0.0,0.0,1236.68,119.7189,119.7189,2012.0614753940245
0.325,0.0,0.0,1291.15,119.1736,119.1736,2012.0614753940245
0.35,0.0,0.0,1273.24,122.4901,122.4901,2012.0614753940245
0.375,0.0,0.0,1283.02,117.8508,117.8508,2012.0614753940245
0.41,0.0,0.0,1236.71,111.3232,111.3232,2012.0614753940245
0.445,0.0,0.0,1299.29,119.2506,119.2506,2012.0614753940245
0.48,0.0,0.0,1238.74,111.7055,111.7055,2012.0614753940245
0.52,0.0,0.0,1249.33,112.5094,112.5094,2012.0614753940245
0.56,0.0,0.0,1254.23,112.5651,112.5651,2012.0614753940245
0.6,0.0,0.0,1124.68,101.9451,101.9451,2012.0614753940245
0.645,0.0,0.0,1154.6,102.7005,102.7005,2012.0614753940245
0.695,0.0,0.0,1146.09,102.0295,102.0295,2012.0614753940245
0.745,0.0,0.0,1091.29,97.38671,97.38671,2012.0614753940245
0.8,0.0,0.0,1000.04,88.73344,88.73344,2012.0614753940245
0.86,0.0,0.0,984.502,87.42799,87.42799,2012.0614753940245
0.925,0.0,0.0,985.147,86.64146,86.64146,2012.0614753940245
0.99,0.0,0.0,954.339,83.65814,83.65814,2012.0614753940245
0.0885,0.0,0.0,619.622,76.21261,76.21261,2012.1366120060463
0.1,0.0,0.0,662.748,84.80828,84.80828,2012.1366120060463
0.1075,0.0,0.0,692.154,106.61,106.61,2012.1366120060463
0.115,0.0,0.0,692.904,86.94994,86.94994,2012.1366120060463
0.125,0.0,0.0,820.705,92.05188,92.05188,2012.1366120060463
0.14,0.0,0.0,838.993,86.95561,86.95561,2012.1366120060463
0.155,0.0,0.0,1025.38,115.4502,115.4502,2012.1366120060463
0.165,0.0,0.0,932.713,106.6932,106.6932,2012.1366120060463
0.18,0.0,0.0,1003.09,99.88523,99.88523,2012.1366120060463
0.19995,0.0,0.0,1046.07,102.9461,102.9461,2012.1366120060463
0.215,0.0,0.0,1073.34,108.265,108.265,2012.1366120060463
0.23,0.0,0.0,1117.67,103.7709,103.7709,2012.1366120060463
0.25,0.0,0.0,1170.22,108.1255,108.1255,2012.1366120060463
0.275,0.0,0.0,1154.78,103.2429,103.2429,2012.1366120060463
0.3,0.0,0.0,1211.91,110.8956,110.8956,2012.1366120060463
0.325,0.0,0.0,1215.18,107.871,107.871,2012.1366120060463
0.35,0.0,0.0,1185.62,108.2779,108.2779,2012.1366120060463
0.375,0.0,0.0,1254.28,110.9928,110.9928,2012.1366120060463
0.41,0.0,0.0,1236.19,107.6247,107.6247,2012.1366120060463
0.445,0.0,0.0,1188.69,105.3691,105.3691,2012.1366120060463
0.48,0.0,0.0,1194.09,104.0508,104.0508,2012.1366120060463
0.52,0.0,0.0,1188.85,103.6029,103.6029,2012.1366120060463
0.56,0.0,0.0,1184.16,103.1135,103.1135,2012.1366120060463
0.6,0.0,0.0,1117.74,97.78711,97.78711,2012.1366120060463
0.645,0.0,0.0,1135.35,98.13335,98.13335,2012.1366120060463
0.695,0.0,0.0,1101.57,95.34321,95.34321,2012.1366120060463
0.745,0.0,0.0,1033.91,89.74031,89.74031,2012.1366120060463
0.8,0.0,0.0,1002.55,86.41223,86.41223,2012.1366120060463
0.86,0.0,0.0,974.182,84.10132,84.10132,2012.1366120060463
0.925,0.0,0.0,933.647,80.19109,80.19109,2012.1366120060463
0.99,0.0,0.0,868.808,74.67993,74.67993,2012.1366120060463
0.0885,0.0,0.0,514.555,102.2857,102.2857,2012.28540526652
0.1,0.0,0.0,547.378,116.1813,116.1813,2012.28540526652
0.1075,0.0,0.0,544.503,155.8463,155.8463,2012.28540526652
0.115,0.0,0.0,461.471,102.391,102.391,2012.28540526652
0.125,0.0,0.0,579.797,114.6002,114.6002,2012.28540526652
0.14,0.0,0.0,667.1,99.18784,99.18784,2012.28540526652
0.155,0.0,0.0,654.826,125.7669,125.7669,2012.28540526652
0.165,0.0,0.0,902.625,152.4709,152.4709,2012.28540526652
0.18,0.0,0.0,835.41,114.39,114.39,2012.28540526652
0.19995,0.0,0.0,952.694,125.2414,125.2414,2012.28540526652
0.215,0.0,0.0,819.545,112.6595,112.6595,2012.28540526652
0.23,0.0,0.0,860.157,97.93174,97.93174,2012.28540526652
0.25,0.0,0.0,966.936,107.2878,107.2878,2012.28540526652
0.275,0.0,0.0,947.126,98.1235,98.1235,2012.28540526652
0.3,0.0,0.0,1020.46,110.557,110.557,2012.28540526652
0.325,0.0,0.0,961.912,98.30935,98.30935,2012.28540526652
0.35,0.0,0.0,1090.85,116.0873,116.0873,2012.28540526652
0.375,0.0,0.0,985.732,100.2982,100.2982,2012.28540526652
0.41,0.0,0.0,976.219,95.34381,95.34381,2012.28540526652
0.445,0.0,0.0,985.163,99.68888,99.68888,2012.28540526652
0.48,0.0,0.0,978.166,95.42544,95.42544,2012.28540526652
0.52,0.0,0.0,1066.4,102.9279,102.9279,2012.28540526652
0.56,0.0,0.0,1009.4,98.23464,98.23464,2012.28540526652
0.6,0.0,0.0,910.407,89.84114,89.84114,2012.28540526652
0.645,0.0,0.0,950.424,90.82918,90.82918,2012.28540526652
0.695,0.0,0.0,984.435,93.69244,93.69244,2012.28540526652
0.745,0.0,0.0,852.96,82.47536,82.47536,2012.28540526652
0.8,0.0,0.0,892.459,84.36878,84.36878,2012.28540526652
0.86,0.0,0.0,907.985,85.57434,85.57434,2012.28540526652
0.925,0.0,0.0,836.067,78.51283,78.51283,2012.28540526652
0.99,0.0,0.0,738.932,68.61338,68.61338,2012.28540526652
0.0885,0.0,0.0,472.268,67.01279,67.01279,2012.4343123703452
0.1,0.0,0.0,486.211,73.91757,73.91757,2012.4343123703452
0.1075,0.0,0.0,573.528,103.3042,103.3042,2012.4343123703452
0.115,0.0,0.0,583.197,82.18556,82.18556,2012.4343123703452
0.125,0.0,0.0,646.294,83.34634,83.34634,2012.4343123703452
0.14,0.0,0.0,761.901,84.58393,84.58393,2012.4343123703452
0.155,0.0,0.0,791.446,101.0186,101.0186,2012.4343123703452
0.165,0.0,0.0,741.834,95.76304,95.76304,2012.4343123703452
0.18,0.0,0.0,806.833,86.76029,86.76029,2012.4343123703452
0.19995,0.0,0.0,852.359,90.20963,90.20963,2012.4343123703452
0.215,0.0,0.0,864.029,93.24821,93.24821,2012.4343123703452
0.23,0.0,0.0,886.885,86.25839,86.25839,2012.4343123703452
0.25,0.0,0.0,981.783,94.13111,94.13111,2012.4343123703452
0.275,0.0,0.0,1012.69,92.91753,92.91753,2012.4343123703452
0.3,0.0,0.0,1013.34,96.30336,96.30336,2012.4343123703452
0.325,0.0,0.0,1057.08,96.28005,96.28005,2012.4343123703452
0.35,0.0,0.0,1026.52,97.30067,97.30067,2012.4343123703452
0.375,0.0,0.0,1003.45,91.51952,91.51952,2012.4343123703452
0.41,0.0,0.0,1001.46,89.46315,89.46315,2012.4343123703452
0.445,0.0,0.0,1071.36,97.3524,97.3524,2012.4343123703452
0.48,0.0,0.0,1059.48,94.29835,94.29835,2012.4343123703452
0.52,0.0,0.0,1046.07,93.18316,93.18316,2012.4343123703452
0.56,0.0,0.0,1037.46,92.30725,92.30725,2012.4343123703452
0.6,0.0,0.0,1014.27,90.5537,90.5537,2012.4343123703452
0.645,0.0,0.0,969.28,85.59798,85.59798,2012.4343123703452
0.695,0.0,0.0,962.828,85.10021,85.10021,2012.4343123703452
0.745,0.0,0.0,926.758,82.13764,82.13764,2012.4343123703452
0.8,0.0,0.0,906.984,79.59974,79.59974,2012.4343123703452
0.86,0.0,0.0,864.709,76.1271,76.1271,2012.4343123703452
0.925,0.0,0.0,829.07,72.51595,72.51595,2012.4343123703452
0.99,0.0,0.0,801.621,69.88578,69.88578,2012.4343123703452
0.0885,0.0,0.0,333.947,54.59654,54.59654,2012.658356086192
0.1,0.0,0.0,415.946,69.00422,69.00422,2012.658356086192
0.1075,0.0,0.0,345.066,78.82221,78.82221,2012.658356086192
0.115,0.0,0.0,438.529,69.90893,69.90893,2012.658356086192
0.125,0.0,0.0,494.574,72.14705,72.14705,2012.658356086192
0.14,0.0,0.0,552.629,66.43238,66.43238,2012.658356086192
0.155,0.0,0.0,542.123,78.33504,78.33504,2012.658356086192
0.165,0.0,0.0,602.654,83.85849,83.85849,2012.658356086192
0.18,0.0,0.0,625.51,72.09082,72.09082,2012.658356086192
0.19995,0.0,0.0,668.77,75.78106,75.78106,2012.658356086192
0.215,0.0,0.0,635.254,73.53814,73.53814,2012.658356086192
0.23,0.0,0.0,643.178,65.44882,65.44882,2012.658356086192
0.25,0.0,0.0,703.898,70.68295,70.68295,2012.658356086192
0.275,0.0,0.0,744.302,70.62251,70.62251,2012.658356086192
0.3,0.0,0.0,742.029,73.73163,73.73163,2012.658356086192
0.325,0.0,0.0,734.236,69.584,69.584,2012.658356086192
0.35,0.0,0.0,740.257,73.33742,73.33742,2012.658356086192
0.375,0.0,0.0,774.639,73.01931,73.01931,2012.658356086192
0.41,0.0,0.0,751.346,68.88802,68.88802,2012.658356086192
0.445,0.0,0.0,779.713,72.8647,72.8647,2012.658356086192
0.48,0.0,0.0,770.67,70.2758,70.2758,2012.658356086192
0.52,0.0,0.0,773.471,70.61503,70.61503,2012.658356086192
0.56,0.0,0.0,774.749,70.60898,70.60898,2012.658356086192
0.6,0.0,0.0,759.016,69.38227,69.38227,2012.658356086192
0.645,0.0,0.0,776.185,69.63203,69.63203,2012.658356086192
0.695,0.0,0.0,739.141,66.55845,66.55845,2012.658356086192
0.745,0.0,0.0,718.388,64.85651,64.85651,2012.658356086192
0.8,0.0,0.0,719.32,64.12928,64.12928,2012.658356086192
0.86,0.0,0.0,711.78,63.60047,63.60047,2012.658356086192
0.925,0.0,0.0,663.605,58.92279,58.92279,2012.658356086192
0.99,0.0,0.0,646.067,57.0566,57.0566,2012.658356086192
0.0885,0.0,0.0,467.568,66.25146,66.25146,2012.7321265779954
0.1,0.0,0.0,450.502,70.06507,70.06507,2012.7321265779954
0.1075,0.0,0.0,516.828,96.47949,96.47949,2012.7321265779954
0.115,0.0,0.0,458.13,68.93331,68.93331,2012.7321265779954
0.125,0.0,0.0,521.184,70.6948,70.6948,2012.7321265779954
0.14,0.0,0.0,539.998,63.43762,63.43762,2012.7321265779954
0.155,0.0,0.0,597.487,81.14141,81.14141,2012.7321265779954
0.165,0.0,0.0,576.462,77.776,77.776,2012.7321265779954
0.18,0.0,0.0,657.479,72.67088,72.67088,2012.7321265779954
0.19995,0.0,0.0,640.411,70.87529,70.87529,2012.7321265779954
0.215,0.0,0.0,681.043,75.89914,75.89914,2012.7321265779954
0.23,0.0,0.0,683.412,67.81057,67.81057,2012.7321265779954
0.25,0.0,0.0,724.386,71.3092,71.3092,2012.7321265779954
0.275,0.0,0.0,727.807,68.5211,68.5211,2012.7321265779954
0.3,0.0,0.0,776.528,75.49764,75.49764,2012.7321265779954
0.325,0.0,0.0,805.654,74.85158,74.85158,2012.7321265779954
0.35,0.0,0.0,798.342,76.93408,76.93408,2012.7321265779954
0.375,0.0,0.0,777.852,72.19381,72.19381,2012.7321265779954
0.41,0.0,0.0,802.247,72.44617,72.44617,2012.7321265779954
0.445,0.0,0.0,823.126,75.92538,75.92538,2012.7321265779954
0.48,0.0,0.0,843.69,75.75445,75.75445,2012.7321265779954
0.52,0.0,0.0,813.779,73.27426,73.27426,2012.7321265779954
0.56,0.0,0.0,830.631,74.72624,74.72624,2012.7321265779954
0.6,0.0,0.0,806.934,72.81296,72.81296,2012.7321265779954
0.645,0.0,0.0,801.04,71.1229,71.1229,2012.7321265779954
0.695,0.0,0.0,801.211,71.26061,71.26061,2012.7321265779954
0.745,0.0,0.0,795.281,70.77889,70.77889,2012.7321265779954
0.8,0.0,0.0,758.592,66.84879,66.84879,2012.7321265779954
0.86,0.0,0.0,733.947,64.90871,64.90871,2012.7321265779954
0.925,0.0,0.0,728.738,63.86245,63.86245,2012.7321265779954
0.99,0.0,0.0,676.132,59.24538,59.24538,2012.7321265779954
0.0885,0.0,0.0,340.184,49.72509,49.72509,2012.8059539914743
0.1,0.0,0.0,376.856,57.3672,57.3672,2012.8059539914743
0.1075,0.0,0.0,391.341,74.00712,74.00712,2012.8059539914743
0.115,0.0,0.0,438.809,62.63616,62.63616,2012.8059539914743
0.125,0.0,0.0,421.228,57.29447,57.29447,2012.8059539914743
0.14,0.0,0.0,513.961,58.45735,58.45735,2012.8059539914743
0.155,0.0,0.0,552.135,72.0933,72.0933,2012.8059539914743
0.165,0.0,0.0,472.425,63.70642,63.70642,2012.8059539914743
0.18,0.0,0.0,617.972,66.37509,66.37509,2012.8059539914743
0.19995,0.0,0.0,549.915,60.24444,60.24444,2012.8059539914743
0.215,0.0,0.0,677.72,73.35915,73.35915,2012.8059539914743
0.23,0.0,0.0,665.711,65.07405,65.07405,2012.8059539914743
0.25,0.0,0.0,714.648,69.20156,69.20156,2012.8059539914743
0.275,0.0,0.0,702.049,65.0952,65.0952,2012.8059539914743
0.3,0.0,0.0,716.298,69.00681,69.00681,2012.8059539914743
0.325,0.0,0.0,771.256,70.83673,70.83673,2012.8059539914743
0.35,0.0,0.0,796.856,75.87398,75.87398,2012.8059539914743
0.375,0.0,0.0,788.528,72.23909,72.23909,2012.8059539914743
0.41,0.0,0.0,786.204,70.39688,70.39688,2012.8059539914743
0.445,0.0,0.0,802.669,73.3694,73.3694,2012.8059539914743
0.48,0.0,0.0,791.651,70.87403,70.87403,2012.8059539914743
0.52,0.0,0.0,800.428,71.67653,71.67653,2012.8059539914743
0.56,0.0,0.0,835.213,74.78162,74.78162,2012.8059539914743
0.6,0.0,0.0,790.932,71.08256,71.08256,2012.8059539914743
0.645,0.0,0.0,778.587,68.93779,68.93779,2012.8059539914743
0.695,0.0,0.0,806.52,71.37223,71.37223,2012.8059539914743
0.745,0.0,0.0,791.249,70.19114,70.19114,2012.8059539914743
0.8,0.0,0.0,761.722,66.97507,66.97507,2012.8059539914743
0.86,0.0,0.0,720.864,63.56618,63.56618,2012.8059539914743
0.925,0.0,0.0,714.827,62.66198,62.66198,2012.8059539914743
0.99,0.0,0.0,648.755,56.83774,56.83774,2012.8059539914743
0.0885,0.0,0.0,288.502,49.07414,49.07414,2012.881147525172
0.1,0.0,0.0,291.208,53.85499,53.85499,2012.881147525172
0.1075,0.0,0.0,341.436,77.28067,77.28067,2012.881147525172
0.115,0.0,0.0,325.589,56.51389,56.51389,2012.881147525172
0.125,0.0,0.0,454.144,67.4011,67.4011,2012.881147525172
0.14,0.0,0.0,516.157,63.07005,63.07005,2012.881147525172
0.155,0.0,0.0,518.604,76.04186,76.04186,2012.881147525172
0.165,0.0,0.0,534.514,76.21905,76.21905,2012.881147525172
0.18,0.0,0.0,597.947,69.1085,69.1085,2012.881147525172
0.19995,0.0,0.0,583.709,67.54304,67.54304,2012.881147525172
0.215,0.0,0.0,575.669,68.25051,68.25051,2012.881147525172
0.23,0.0,0.0,627.324,64.09732,64.09732,2012.881147525172
0.25,0.0,0.0,664.674,67.23505,67.23505,2012.881147525172
0.275,0.0,0.0,709.09,67.60473,67.60473,2012.881147525172
0.3,0.0,0.0,754.509,74.50882,74.50882,2012.881147525172
0.325,0.0,0.0,737.519,69.75954,69.75954,2012.881147525172
0.35,0.0,0.0,719.452,71.51151,71.51151,2012.881147525172
0.375,0.0,0.0,712.792,67.21114,67.21114,2012.881147525172
0.41,0.0,0.0,734.887,67.21156,67.21156,2012.881147525172
0.445,0.0,0.0,746.199,70.13592,70.13592,2012.881147525172
0.48,0.0,0.0,791.857,72.14654,72.14654,2012.881147525172
0.52,0.0,0.0,774.703,70.55502,70.55502,2012.881147525172
0.56,0.0,0.0,765.275,69.84734,69.84734,2012.881147525172
0.6,0.0,0.0,761.793,69.78031,69.78031,2012.881147525172
0.645,0.0,0.0,748.314,67.36011,67.36011,2012.881147525172
0.695,0.0,0.0,756.136,67.96719,67.96719,2012.881147525172
0.745,0.0,0.0,723.792,65.39827,65.39827,2012.881147525172
0.8,0.0,0.0,700.113,62.46934,62.46934,2012.881147525172
0.86,0.0,0.0,739.394,66.00932,66.00932,2012.881147525172
0.925,0.0,0.0,701.083,62.06139,62.06139,2012.881147525172
0.99,0.0,0.0,639.725,56.59699,56.59699,2012.881147525172
0.0885,0.0,0.0,354.87,52.81882,52.81882,2012.956284137194
0.1,0.0,0.0,385.371,59.92486,59.92486,2012.956284137194
0.1075,0.0,0.0,405.269,77.63143,77.63143,2012.956284137194
0.115,0.0,0.0,461.807,66.74264,66.74264,2012.956284137194
0.125,0.0,0.0,443.703,61.40676,61.40676,2012.956284137194
0.14,0.0,0.0,524.297,60.61739,60.61739,2012.956284137194
0.155,0.0,0.0,491.985,67.45745,67.45745,2012.956284137194
0.165,0.0,0.0,528.027,71.01919,71.01919,2012.956284137194
0.18,0.0,0.0,586.481,64.86291,64.86291,2012.956284137194
0.19995,0.0,0.0,641.819,69.35145,69.35145,2012.956284137194
0.215,0.0,0.0,625.945,69.59898,69.59898,2012.956284137194
0.23,0.0,0.0,628.522,62.29683,62.29683,2012.956284137194
0.25,0.0,0.0,627.341,61.86821,61.86821,2012.956284137194
0.275,0.0,0.0,712.861,66.0994,66.0994,2012.956284137194
0.3,0.0,0.0,762.124,73.16649,73.16649,2012.956284137194
0.325,0.0,0.0,710.101,65.85808,65.85808,2012.956284137194
0.35,0.0,0.0,779.23,74.19158,74.19158,2012.956284137194
0.375,0.0,0.0,733.388,67.626,67.626,2012.956284137194
0.41,0.0,0.0,767.717,68.76932,68.76932,2012.956284137194
0.445,0.0,0.0,789.461,72.19072,72.19072,2012.956284137194
0.48,0.0,0.0,781.534,69.85733,69.85733,2012.956284137194
0.52,0.0,0.0,792.069,70.76704,70.76704,2012.956284137194
0.56,0.0,0.0,786.463,70.35304,70.35304,2012.956284137194
0.6,0.0,0.0,743.797,66.73922,66.73922,2012.956284137194
0.645,0.0,0.0,758.728,67.01839,67.01839,2012.956284137194
0.695,0.0,0.0,772.315,68.18515,68.18515,2012.956284137194
0.745,0.0,0.0,760.495,67.23243,67.23243,2012.956284137194
0.8,0.0,0.0,740.913,64.92641,64.92641,2012.956284137194
0.86,0.0,0.0,720.526,63.28909,63.28909,2012.956284137194
0.925,0.0,0.0,721.02,62.79678,62.79678,2012.956284137194
0.99,0.0,0.0,670.31,58.31071,58.31071,2012.956284137194
0.0885,0.0,0.0,247.249,39.69999,39.69999,2013.0301463274343
0.1,0.0,0.0,333.396,52.71439,52.71439,2013.0301463274343
0.1075,0.0,0.0,380.372,72.61026,72.61026,2013.0301463274343
0.115,0.0,0.0,393.007,58.65048,58.65048,2013.0301463274343
0.125,0.0,0.0,460.028,62.00882,62.00882,2013.0301463274343
0.14,0.0,0.0,568.61,64.21861,64.21861,2013.0301463274343
0.155,0.0,0.0,528.148,70.86235,70.86235,2013.0301463274343
0.165,0.0,0.0,589.099,75.98172,75.98172,2013.0301463274343
0.18,0.0,0.0,611.742,66.61181,66.61181,2013.0301463274343
0.19995,0.0,0.0,650.535,69.48359,69.48359,2013.0301463274343
0.215,0.0,0.0,629.279,69.11469,69.11469,2013.0301463274343
0.23,0.0,0.0,663.602,64.95062,64.95062,2013.0301463274343
0.25,0.0,0.0,674.506,65.62904,65.62904,2013.0301463274343
0.275,0.0,0.0,732.444,67.61677,67.61677,2013.0301463274343
0.3,0.0,0.0,756.232,72.60898,72.60898,2013.0301463274343
0.325,0.0,0.0,777.017,71.27004,71.27004,2013.0301463274343
0.35,0.0,0.0,787.383,74.78948,74.78948,2013.0301463274343
0.375,0.0,0.0,773.066,70.63511,70.63511,2013.0301463274343
0.41,0.0,0.0,801.311,71.47835,71.47835,2013.0301463274343
0.445,0.0,0.0,824.286,75.07892,75.07892,2013.0301463274343
0.48,0.0,0.0,797.122,70.91096,70.91096,2013.0301463274343
0.52,0.0,0.0,768.684,68.65801,68.65801,2013.0301463274343
0.56,0.0,0.0,817.948,72.72433,72.72433,2013.0301463274343
0.6,0.0,0.0,800.901,71.31839,71.31839,2013.0301463274343
0.645,0.0,0.0,786.169,69.16726,69.16726,2013.0301463274343
0.695,0.0,0.0,800.19,70.3905,70.3905,2013.0301463274343
0.745,0.0,0.0,767.798,67.64795,67.64795,2013.0301463274343
0.8,0.0,0.0,776.969,67.75867,67.75867,2013.0301463274343
0.86,0.0,0.0,756.408,65.99156,65.99156,2013.0301463274343
0.925,0.0,0.0,721.413,62.59034,62.59034,2013.0301463274343
0.99,0.0,0.0,706.022,61.11699,61.11699,2013.0301463274343
0.0885,0.0,0.0,423.065,58.98898,58.98898,2013.1054794361999
0.1,0.0,0.0,429.456,64.05406,64.05406,2013.1054794361999
0.1075,0.0,0.0,515.747,90.72747,90.72747,2013.1054794361999
0.115,0.0,0.0,428.604,61.74625,61.74625,2013.1054794361999
0.125,0.0,0.0,476.037,62.8017,62.8017,2013.1054794361999
0.14,0.0,0.0,560.719,62.47708,62.47708,2013.1054794361999
0.155,0.0,0.0,593.048,76.11947,76.11947,2013.1054794361999
0.165,0.0,0.0,607.862,77.38247,77.38247,2013.1054794361999
0.18,0.0,0.0,639.98,68.55816,68.55816,2013.1054794361999
0.19995,0.0,0.0,626.292,67.07707,67.07707,2013.1054794361999
0.215,0.0,0.0,612.134,67.50414,67.50414,2013.1054794361999
0.23,0.0,0.0,704.918,68.08553,68.08553,2013.1054794361999
0.25,0.0,0.0,719.976,69.22979,69.22979,2013.1054794361999
0.275,0.0,0.0,769.209,70.57673,70.57673,2013.1054794361999
0.3,0.0,0.0,785.957,74.67142,74.67142,2013.1054794361999
0.325,0.0,0.0,793.204,72.26858,72.26858,2013.1054794361999
0.35,0.0,0.0,774.315,73.37264,73.37264,2013.1054794361999
0.375,0.0,0.0,805.483,73.1727,73.1727,2013.1054794361999
0.41,0.0,0.0,834.219,73.93019,73.93019,2013.1054794361999
0.445,0.0,0.0,821.501,74.36423,74.36423,2013.1054794361999
0.48,0.0,0.0,864.341,76.40799,76.40799,2013.1054794361999
0.52,0.0,0.0,875.92,77.38202,77.38202,2013.1054794361999
0.56,0.0,0.0,843.764,74.76897,74.76897,2013.1054794361999
0.6,0.0,0.0,838.639,74.095,74.095,2013.1054794361999
0.645,0.0,0.0,824.064,72.05166,72.05166,2013.1054794361999
0.695,0.0,0.0,787.559,69.05593,69.05593,2013.1054794361999
0.745,0.0,0.0,817.373,71.55632,71.55632,2013.1054794361999
0.8,0.0,0.0,807.069,69.97628,69.97628,2013.1054794361999
0.86,0.0,0.0,775.526,67.41567,67.41567,2013.1054794361999
0.925,0.0,0.0,776.033,67.04732,67.04732,2013.1054794361999
0.99,0.0,0.0,729.668,62.9517,62.9517,2013.1054794361999
0.0885,0.0,0.0,392.848,71.38927,71.38927,2013.1807648243278
0.1,0.0,0.0,447.055,83.70113,83.70113,2013.1807648243278
0.1075,0.0,0.0,376.909,96.8537,96.8537,2013.1807648243278
0.115,0.0,0.0,460.943,83.08784,83.08784,2013.1807648243278
0.125,0.0,0.0,515.582,84.56279,84.56279,2013.1807648243278
0.14,0.0,0.0,527.954,70.8326,70.8326,2013.1807648243278
0.155,0.0,0.0,525.929,86.99909,86.99909,2013.1807648243278
0.165,0.0,0.0,703.573,105.9821,105.9821,2013.1807648243278
0.18,0.0,0.0,638.793,80.20207,80.20207,2013.1807648243278
0.19995,0.0,0.0,668.24,82.63346,82.63346,2013.1807648243278
0.215,0.0,0.0,734.753,90.59688,90.59688,2013.1807648243278
0.23,0.0,0.0,700.505,76.18891,76.18891,2013.1807648243278
0.25,0.0,0.0,715.344,76.61725,76.61725,2013.1807648243278
0.275,0.0,0.0,747.209,74.22232,74.22232,2013.1807648243278
0.3,0.0,0.0,844.868,87.43283,87.43283,2013.1807648243278
0.325,0.0,0.0,834.116,81.4991,81.4991,2013.1807648243278
0.35,0.0,0.0,865.63,88.9788,88.9788,2013.1807648243278
0.375,0.0,0.0,862.476,83.48946,83.48946,2013.1807648243278
0.41,0.0,0.0,885.186,83.06109,83.06109,2013.1807648243278
0.445,0.0,0.0,869.517,84.22858,84.22858,2013.1807648243278
0.48,0.0,0.0,867.359,81.35785,81.35785,2013.1807648243278
0.52,0.0,0.0,865.295,81.11182,81.11182,2013.1807648243278
0.56,0.0,0.0,880.951,82.22751,82.22751,2013.1807648243278
0.6,0.0,0.0,935.311,86.95687,86.95687,2013.1807648243278
0.645,0.0,0.0,850.84,78.15336,78.15336,2013.1807648243278
0.695,0.0,0.0,862.057,79.26644,79.26644,2013.1807648243278
0.745,0.0,0.0,817.444,75.43068,75.43068,2013.1807648243278
0.8,0.0,0.0,793.168,72.17203,72.17203,2013.1807648243278
0.86,0.0,0.0,813.548,73.97953,73.97953,2013.1807648243278
0.925,0.0,0.0,768.09,69.29362,69.29362,2013.1807648243278
0.99,0.0,0.0,755.318,67.74157,67.74157,2013.1807648243278
0.0885,0.0,0.0,251.284,47.19328,47.19328,2013.4793378836885
0.1,0.0,0.0,255.123,52.11618,52.11618,2013.4793378836885
0.1075,0.0,0.0,283.702,72.64274,72.64274,2013.4793378836885
0.115,0.0,0.0,284.595,54.68541,54.68541,2013.4793378836885
0.125,0.0,0.0,272.103,51.18466,51.18466,2013.4793378836885
0.14,0.0,0.0,350.379,48.96467,48.96467,2013.4793378836885
0.155,0.0,0.0,437.636,70.16003,70.16003,2013.4793378836885
0.165,0.0,0.0,433.501,68.92745,68.92745,2013.4793378836885
0.18,0.0,0.0,460.579,57.72638,57.72638,2013.4793378836885
0.19995,0.0,0.0,474.836,59.15559,59.15559,2013.4793378836885
0.215,0.0,0.0,493.336,62.51701,62.51701,2013.4793378836885
0.23,0.0,0.0,494.806,53.56959,53.56959,2013.4793378836885
0.25,0.0,0.0,507.406,54.64696,54.64696,2013.4793378836885
0.275,0.0,0.0,537.207,53.40559,53.40559,2013.4793378836885
0.3,0.0,0.0,589.098,61.71548,61.71548,2013.4793378836885
0.325,0.0,0.0,620.238,60.42156,60.42156,2013.4793378836885
0.35,0.0,0.0,611.812,63.64677,63.64677,2013.4793378836885
0.375,0.0,0.0,616.329,60.17171,60.17171,2013.4793378836885
0.41,0.0,0.0,630.877,59.28248,59.28248,2013.4793378836885
0.445,0.0,0.0,644.738,62.36708,62.36708,2013.4793378836885
0.48,0.0,0.0,649.124,60.82828,60.82828,2013.4793378836885
0.52,0.0,0.0,621.894,58.4516,58.4516,2013.4793378836885
0.56,0.0,0.0,623.908,58.85625,58.85625,2013.4793378836885
0.6,0.0,0.0,624.279,58.71593,58.71593,2013.4793378836885
0.645,0.0,0.0,643.411,59.423,59.423,2013.4793378836885
0.695,0.0,0.0,654.522,60.30055,60.30055,2013.4793378836885
0.745,0.0,0.0,646.635,59.67878,59.67878,2013.4793378836885
0.8,0.0,0.0,614.404,56.05824,56.05824,2013.4793378836885
0.86,0.0,0.0,596.699,54.7228,54.7228,2013.4793378836885
0.925,0.0,0.0,619.165,55.9095,55.9095,2013.4793378836885
0.99,0.0,0.0,539.757,48.64409,48.64409,2013.4793378836885
0.0885,0.0,0.0,191.936,40.07761,40.07761,2013.5533104864282
0.1,0.0,0.0,228.68,49.36744,49.36744,2013.5533104864282
0.1075,0.0,0.0,275.494,71.2709,71.2709,2013.5533104864282
0.115,0.0,0.0,313.058,58.07892,58.07892,2013.5533104864282
0.125,0.0,0.0,355.312,60.10077,60.10077,2013.5533104864282
0.14,0.0,0.0,365.067,51.14605,51.14605,2013.5533104864282
0.155,0.0,0.0,350.25,60.94858,60.94858,2013.5533104864282
0.165,0.0,0.0,426.096,67.86115,67.86115,2013.5533104864282
0.18,0.0,0.0,453.437,57.26294,57.26294,2013.5533104864282
0.19995,0.0,0.0,513.372,62.94142,62.94142,2013.5533104864282
0.215,0.0,0.0,494.33,62.02368,62.02368,2013.5533104864282
0.23,0.0,0.0,530.118,56.71483,56.71483,2013.5533104864282
0.25,0.0,0.0,528.122,56.21173,56.21173,2013.5533104864282
0.275,0.0,0.0,527.772,52.9715,52.9715,2013.5533104864282
0.3,0.0,0.0,592.103,61.63131,61.63131,2013.5533104864282
0.325,0.0,0.0,607.075,59.32183,59.32183,2013.5533104864282
0.35,0.0,0.0,627.284,64.56071,64.56071,2013.5533104864282
0.375,0.0,0.0,598.093,58.5539,58.5539,2013.5533104864282
0.41,0.0,0.0,651.999,61.13919,61.13919,2013.5533104864282
0.445,0.0,0.0,678.546,65.60718,65.60718,2013.5533104864282
0.48,0.0,0.0,696.909,65.00846,65.00846,2013.5533104864282
0.52,0.0,0.0,645.885,60.49695,60.49695,2013.5533104864282
0.56,0.0,0.0,683.702,63.87861,63.87861,2013.5533104864282
0.6,0.0,0.0,669.761,62.7935,62.7935,2013.5533104864282
0.645,0.0,0.0,695.371,63.72767,63.72767,2013.5533104864282
0.695,0.0,0.0,637.542,58.82812,58.82812,2013.5533104864282
0.745,0.0,0.0,687.551,63.07784,63.07784,2013.5533104864282
0.8,0.0,0.0,658.338,59.76967,59.76967,2013.5533104864282
0.86,0.0,0.0,641.639,58.41539,58.41539,2013.5533104864282
0.925,0.0,0.0,604.269,54.57515,54.57515,2013.5533104864282
0.99,0.0,0.0,580.19,52.03107,52.03107,2013.5533104864282
0.0885,0.0,0.0,267.309,49.72814,49.72814,2013.627283089168
0.1,0.0,0.0,349.871,63.59454,63.59454,2013.627283089168
0.1075,0.0,0.0,228.077,62.77701,62.77701,2013.627283089168
0.115,0.0,0.0,320.832,58.78871,58.78871,2013.627283089168
0.125,0.0,0.0,294.285,52.87412,52.87412,2013.627283089168
0.14,0.0,0.0,353.859,48.68105,48.68105,2013.627283089168
0.155,0.0,0.0,352.54,59.90282,59.90282,2013.627283089168
0.165,0.0,0.0,388.652,63.55949,63.55949,2013.627283089168
0.18,0.0,0.0,432.663,55.31044,55.31044,2013.627283089168
0.19995,0.0,0.0,453.739,57.4136,57.4136,2013.627283089168
0.215,0.0,0.0,484.467,60.63569,60.63569,2013.627283089168
0.23,0.0,0.0,448.821,49.18772,49.18772,2013.627283089168
0.25,0.0,0.0,514.906,55.16014,55.16014,2013.627283089168
0.275,0.0,0.0,520.268,51.6542,51.6542,2013.627283089168
0.3,0.0,0.0,573.546,59.28035,59.28035,2013.627283089168
0.325,0.0,0.0,552.976,54.26584,54.26584,2013.627283089168
0.35,0.0,0.0,589.737,60.71657,60.71657,2013.627283089168
0.375,0.0,0.0,557.26,54.65385,54.65385,2013.627283089168
0.41,0.0,0.0,574.765,54.06201,54.06201,2013.627283089168
0.445,0.0,0.0,637.195,61.41422,61.41422,2013.627283089168
0.48,0.0,0.0,636.319,59.40891,59.40891,2013.627283089168
0.52,0.0,0.0,615.225,57.63044,57.63044,2013.627283089168
0.56,0.0,0.0,609.468,57.04301,57.04301,2013.627283089168
0.6,0.0,0.0,627.443,58.66413,58.66413,2013.627283089168
0.645,0.0,0.0,561.096,52.00627,52.00627,2013.627283089168
0.695,0.0,0.0,614.226,56.3365,56.3365,2013.627283089168
0.745,0.0,0.0,623.415,57.31445,57.31445,2013.627283089168
0.8,0.0,0.0,591.221,53.71303,53.71303,2013.627283089168
0.86,0.0,0.0,597.168,54.32744,54.32744,2013.627283089168
0.925,0.0,0.0,578.786,52.04736,52.04736,2013.627283089168
0.99,0.0,0.0,557.989,49.86106,49.86106,2013.627283089168
0.0885,0.0,0.0,196.34,37.93907,37.93907,2013.7026255549213
0.1,0.0,0.0,251.823,47.9924,47.9924,2013.7026255549213
0.1075,0.0,0.0,225.261,59.09093,59.09093,2013.7026255549213
0.115,0.0,0.0,269.557,49.65273,49.65273,2013.7026255549213
0.125,0.0,0.0,310.73,52.45442,52.45442,2013.7026255549213
0.14,0.0,0.0,317.648,43.80065,43.80065,2013.7026255549213
0.155,0.0,0.0,350.655,57.25704,57.25704,2013.7026255549213
0.165,0.0,0.0,338.352,54.82934,54.82934,2013.7026255549213
0.18,0.0,0.0,406.659,50.84111,50.84111,2013.7026255549213
0.19995,0.0,0.0,426.307,52.61732,52.61732,2013.7026255549213
0.215,0.0,0.0,392.789,50.57076,50.57076,2013.7026255549213
0.23,0.0,0.0,448.157,48.16523,48.16523,2013.7026255549213
0.25,0.0,0.0,429.409,46.22108,46.22108,2013.7026255549213
0.275,0.0,0.0,479.796,47.40949,47.40949,2013.7026255549213
0.3,0.0,0.0,516.905,53.75197,53.75197,2013.7026255549213
0.325,0.0,0.0,519.985,50.66966,50.66966,2013.7026255549213
0.35,0.0,0.0,515.965,53.11391,53.11391,2013.7026255549213
0.375,0.0,0.0,547.251,52.89144,52.89144,2013.7026255549213
0.41,0.0,0.0,560.291,52.23372,52.23372,2013.7026255549213
0.445,0.0,0.0,554.729,53.21287,53.21287,2013.7026255549213
0.48,0.0,0.0,546.39,51.02126,51.02126,2013.7026255549213
0.52,0.0,0.0,603.939,55.85281,55.85281,2013.7026255549213
0.56,0.0,0.0,588.336,54.54305,54.54305,2013.7026255549213
0.6,0.0,0.0,596.312,55.00027,55.00027,2013.7026255549213
0.645,0.0,0.0,583.186,53.03898,53.03898,2013.7026255549213
0.695,0.0,0.0,566.834,51.64014,51.64014,2013.7026255549213
0.745,0.0,0.0,589.554,53.56745,53.56745,2013.7026255549213
0.8,0.0,0.0,589.904,52.85768,52.85768,2013.7026255549213
0.86,0.0,0.0,549.485,49.49614,49.49614,2013.7026255549213
0.925,0.0,0.0,536.707,47.95636,47.95636,2013.7026255549213
0.99,0.0,0.0,531.446,47.08622,47.08622,2013.7026255549213
0.0885,0.0,0.0,255.974,55.14521,55.14521,2013.7779680206747
0.1,0.0,0.0,301.664,67.84953,67.84953,2013.7779680206747
0.1075,0.0,0.0,332.036,96.46975,96.46975,2013.7779680206747
0.115,0.0,0.0,364.576,75.76819,75.76819,2013.7779680206747
0.125,0.0,0.0,341.964,69.6198,69.6198,2013.7779680206747
0.14,0.0,0.0,410.16,62.67228,62.67228,2013.7779680206747
0.155,0.0,0.0,428.001,80.68814,80.68814,2013.7779680206747
0.165,0.0,0.0,369.757,72.43327,72.43327,2013.7779680206747
0.18,0.0,0.0,403.342,60.0001,60.0001,2013.7779680206747
0.19995,0.0,0.0,405.932,60.0092,60.0092,2013.7779680206747
0.215,0.0,0.0,358.824,56.65013,56.65013,2013.7779680206747
0.23,0.0,0.0,477.164,57.15444,57.15444,2013.7779680206747
0.25,0.0,0.0,503.426,59.25201,59.25201,2013.7779680206747
0.275,0.0,0.0,443.489,48.84143,48.84143,2013.7779680206747
0.3,0.0,0.0,506.871,58.52573,58.52573,2013.7779680206747
0.325,0.0,0.0,502.605,53.61813,53.61813,2013.7779680206747
0.35,0.0,0.0,543.72,61.5422,61.5422,2013.7779680206747
0.375,0.0,0.0,560.09,58.63432,58.63432,2013.7779680206747
0.41,0.0,0.0,535.072,53.77335,53.77335,2013.7779680206747
0.445,0.0,0.0,556.034,57.95988,57.95988,2013.7779680206747
0.48,0.0,0.0,576.844,57.34239,57.34239,2013.7779680206747
0.52,0.0,0.0,573.243,56.93256,56.93256,2013.7779680206747
0.56,0.0,0.0,579.755,57.63703,57.63703,2013.7779680206747
0.6,0.0,0.0,586.688,58.29366,58.29366,2013.7779680206747
0.645,0.0,0.0,580.253,56.08786,56.08786,2013.7779680206747
0.695,0.0,0.0,583.94,56.24589,56.24589,2013.7779680206747
0.745,0.0,0.0,585.719,56.45436,56.45436,2013.7779680206747
0.8,0.0,0.0,567.572,53.80852,53.80852,2013.7779680206747
0.86,0.0,0.0,549.82,52.22274,52.22274,2013.7779680206747
0.925,0.0,0.0,581.371,54.26118,54.26118,2013.7779680206747
0.99,0.0,0.0,565.957,52.05824,52.05824,2013.7779680206747
0.0885,0.0,0.0,283.612,55.80657,55.80657,2013.9273972444191
0.1,0.0,0.0,242.658,55.50689,55.50689,2013.9273972444191
0.1075,0.0,0.0,285.006,78.72724,78.72724,2013.9273972444191
0.115,0.0,0.0,251.061,53.63298,53.63298,2013.9273972444191
0.125,0.0,0.0,260.602,52.01686,52.01686,2013.9273972444191
0.14,0.0,0.0,325.111,47.89803,47.89803,2013.9273972444191
0.155,0.0,0.0,342.821,62.48952,62.48952,2013.9273972444191
0.165,0.0,0.0,364.492,64.09156,64.09156,2013.9273972444191
0.18,0.0,0.0,357.979,49.72604,49.72604,2013.9273972444191
0.19995,0.0,0.0,391.193,52.5325,52.5325,2013.9273972444191
0.215,0.0,0.0,372.264,51.44653,51.44653,2013.9273972444191
0.23,0.0,0.0,383.549,44.33196,44.33196,2013.9273972444191
0.25,0.0,0.0,398.649,44.97847,44.97847,2013.9273972444191
0.275,0.0,0.0,494.473,50.13646,50.13646,2013.9273972444191
0.3,0.0,0.0,462.951,50.86622,50.86622,2013.9273972444191
0.325,0.0,0.0,465.944,47.20043,47.20043,2013.9273972444191
0.35,0.0,0.0,490.604,52.49325,52.49325,2013.9273972444191
0.375,0.0,0.0,493.65,49.50473,49.50473,2013.9273972444191
0.41,0.0,0.0,503.275,48.297,48.297,2013.9273972444191
0.445,0.0,0.0,526.693,52.15732,52.15732,2013.9273972444191
0.48,0.0,0.0,505.341,48.52478,48.52478,2013.9273972444191
0.52,0.0,0.0,571.994,54.29727,54.29727,2013.9273972444191
0.56,0.0,0.0,585.683,55.49247,55.49247,2013.9273972444191
0.6,0.0,0.0,542.377,51.97522,51.97522,2013.9273972444191
0.645,0.0,0.0,533.172,49.7284,49.7284,2013.9273972444191
0.695,0.0,0.0,562.594,52.23363,52.23363,2013.9273972444191
0.745,0.0,0.0,531.895,49.58128,49.58128,2013.9273972444191
0.8,0.0,0.0,548.063,50.18631,50.18631,2013.9273972444191
0.86,0.0,0.0,569.599,52.12512,52.12512,2013.9273972444191
0.925,0.0,0.0,547.178,49.53827,49.53827,2013.9273972444191
0.99,0.0,0.0,543.354,48.73155,48.73155,2013.9273972444191
0.0885,0.0,0.0,164.583,31.87298,31.87298,2014.0767123129122
0.1,0.0,0.0,181.962,37.2664,37.2664,2014.0767123129122
0.1075,0.0,0.0,199.548,51.14416,51.14416,2014.0767123129122
0.115,0.0,0.0,205.254,38.75546,38.75546,2014.0767123129122
0.125,0.0,0.0,223.106,39.78507,39.78507,2014.0767123129122
0.14,0.0,0.0,286.3,38.42095,38.42095,2014.0767123129122
0.155,0.0,0.0,309.547,49.6821,49.6821,2014.0767123129122
0.165,0.0,0.0,287.579,46.95838,46.95838,2014.0767123129122
0.18,0.0,0.0,322.769,40.76592,40.76592,2014.0767123129122
0.19995,0.0,0.0,314.053,39.83539,39.83539,2014.0767123129122
0.215,0.0,0.0,322.497,41.2329,41.2329,2014.0767123129122
0.23,0.0,0.0,347.635,37.32458,37.32458,2014.0767123129122
0.25,0.0,0.0,395.317,41.69089,41.69089,2014.0767123129122
0.275,0.0,0.0,411.836,40.38953,40.38953,2014.0767123129122
0.3,0.0,0.0,420.169,43.264,43.264,2014.0767123129122
0.325,0.0,0.0,465.419,44.7113,44.7113,2014.0767123129122
0.35,0.0,0.0,460.405,46.51631,46.51631,2014.0767123129122
0.375,0.0,0.0,476.739,45.33055,45.33055,2014.0767123129122
0.41,0.0,0.0,500.676,46.2029,46.2029,2014.0767123129122
0.445,0.0,0.0,512.399,48.41119,48.41119,2014.0767123129122
0.48,0.0,0.0,540.54,49.43685,49.43685,2014.0767123129122
0.52,0.0,0.0,571.107,52.01899,52.01899,2014.0767123129122
0.56,0.0,0.0,518.287,47.48969,47.48969,2014.0767123129122
0.6,0.0,0.0,546.131,49.85514,49.85514,2014.0767123129122
0.645,0.0,0.0,532.933,47.91785,47.91785,2014.0767123129122
0.695,0.0,0.0,556.023,49.84772,49.84772,2014.0767123129122
0.745,0.0,0.0,542.074,48.71707,48.71707,2014.0767123129122
0.8,0.0,0.0,567.905,50.28913,50.28913,2014.0767123129122
0.86,0.0,0.0,548.56,48.62522,48.62522,2014.0767123129122
0.925,0.0,0.0,537.129,47.21679,47.21679,2014.0767123129122
0.99,0.0,0.0,507.792,44.53652,44.53652,2014.0767123129122
